URL,Dernière exploration
https://www.fgpeople.com/avis-impartial-nouslib-experience-explosive/,2026-04-14
https://www.fgpeople.com/thermes-marseille-sauna-gay/,2026-04-14
https://www.fgpeople.com/sauna-terreaux-lyon-naturiste/,2026-04-13
https://www.fgpeople.com/baronne-cannes-club-libertin/,2026-04-10
https://www.fgpeople.com/escort-lausanne-suisse/,2026-04-08
https://www.fgpeople.com/decouvrez-les-meilleurs-clubs-libertins-de-nice-et-des-alpes-maritimes/,2026-04-08
https://www.fgpeople.com/seduction-en-ligne/,2026-04-08
https://www.fgpeople.com/politique-de-confidentialite/,2026-04-07
https://www.fgpeople.com/diamant-lyon-club-libertin/,2026-04-07
https://www.fgpeople.com/chant-cigales-septemes/,2026-04-06
https://www.fgpeople.com/venusia-club-libertin/,2026-04-06
https://www.fgpeople.com/moloko-saint-etienne-club/,2026-04-02
https://www.fgpeople.com/domaine-auchay-club-libertin/,2026-03-28
https://www.fgpeople.com/avis-jacquie-michel-contact/,2026-03-24
https://www.fgpeople.com/frisson-pin-belgique/,2026-03-22
https://www.fgpeople.com/blog/,2026-03-22
https://www.fgpeople.com/comment-booster-libido/,2026-03-21
https://www.fgpeople.com/avis-jacquie-michel-contact/?utm_source=rss&utm_medium=rss&utm_campaign=avis-jacquie-michel-contact,2026-03-18
https://www.fgpeople.com/poupee-sextoy/,2026-03-14
https://www.fgpeople.com/tentation-premesques-club-libertin/,2026-03-12
https://www.fgpeople.com/new-bora-castillon-gard/,2026-03-08
https://www.fgpeople.com/camping-libertin-la-roseraie-avis/,2026-03-08
https://www.fgpeople.com/category/club-libertin/,2026-03-08
https://www.fgpeople.com/escapade-glamour-moisdon/,2026-03-07
https://www.fgpeople.com/category/bars-restos/,2026-03-05
https://www.fgpeople.com/alina-sauna-poitiers/,2026-03-04
https://www.fgpeople.com/secteur-x-club-libertin/feed/,2026-02-27
https://www.fgpeople.com/club-libertin-altromondo/,2026-02-27
https://www.fgpeople.com/sweet-paradise-montorgueil/,2026-02-26
https://www.fgpeople.com/les-clubs-libertins-incontournables-de-strasbourg-et-du-bas-rhin/,2026-02-26
https://www.fgpeople.com/category/libertin-echangisme/,2026-02-26
https://www.fgpeople.com/liberty-station-club-libertin/,2026-02-26
https://www.fgpeople.com/les-meilleurs-clubs-libertins-et-echangistes-de-tours-et-dindre-et-loire/,2026-02-26
https://www.fgpeople.com/odbx-club-sauna-libertin-mixte-avis/,2026-02-25
https://www.fgpeople.com/hyppocampe-paris-club-libertin-avis/,2026-02-25
https://www.fgpeople.com/escarpin-club-sm-paris/,2026-02-25
https://www.fgpeople.com/blog/page/14/,2026-02-25
https://www.fgpeople.com/solutions-problemes-erection/feed/,2026-02-24
https://www.fgpeople.com/secret-paris-club-libertin/,2026-02-24
https://www.fgpeople.com/aquadisiac-sauna-libertin-mixte-avis/,2026-02-24
https://www.fgpeople.com/sextoy-plaisir-anal/feed/,2026-02-23
https://www.fgpeople.com/bar-a-pute-dame-joelle/,2026-02-23
https://www.fgpeople.com/mas-virginie-libertin-drome/,2026-02-23
https://www.fgpeople.com/boudoir-cosy-bar-nice/,2026-02-23
https://www.fgpeople.com/category/sauna-libertin/feed/,2026-02-23
https://www.fgpeople.com/bossuet-dijon-club-libertin/feed/,2026-02-22
https://www.fgpeople.com/blog/page/16/,2026-02-22
https://www.fgpeople.com/we-club-paris-libertin/,2026-02-22
https://www.fgpeople.com/oasis-club-sauna-lyon/,2026-02-22
https://www.fgpeople.com/boudoir-cosy-bar-nice/feed/,2026-02-22
https://www.fgpeople.com/comment-bien-utiliser-un-site-de-plan-cul/feed/,2026-02-22
https://www.fgpeople.com/blog/page/13/,2026-02-21
https://www.fgpeople.com/club-libertin-le-louxor-avis/,2026-02-21
https://www.fgpeople.com/sex-dolls-poupee-sexuelle/,2026-02-20
https://www.fgpeople.com/station-sauna-pau-club-libertin/,2026-02-20
https://www.fgpeople.com/sauna-libertin-bordeaux/,2026-02-18
https://www.fgpeople.com/tag/libertin/feed/,2026-02-18
https://www.fgpeople.com/comment-rencontrer-femme-soumise/,2026-02-18
https://www.fgpeople.com/erreurs-a-eviter-profil-sexylib/feed/,2026-02-17
https://www.fgpeople.com/organiser-une-soiree-echangiste/feed/,2026-02-17
https://www.fgpeople.com/restaurant-libertin/departement/haut-rhin,2026-02-17
https://www.fgpeople.com/divine-alcove-bar-couples/feed/,2026-02-17
https://www.fgpeople.com/lifestyle-epanoui-equilibre/feed/,2026-02-17
https://www.fgpeople.com/5,2026-02-17
https://www.fgpeople.com/apprendre-a-mieux-se-connaitre-sexualite/feed/,2026-02-16
https://www.fgpeople.com/ville/geneve,2026-02-16
https://www.fgpeople.com/guilis-club-carquefou/,2026-02-16
https://www.fgpeople.com/chrysalide-club-libertin-var/feed/,2026-02-16
https://www.fgpeople.com/chant-cigales-septemes/feed/,2026-02-16
https://www.fgpeople.com/quest-ce-que-la-communaute-libertine/feed/,2026-02-16
https://www.fgpeople.com/conseil-rencontre-libertine/feed/,2026-02-16
https://www.fgpeople.com/hebergement-libertin/departement/haut-rhin,2026-02-16
https://www.fgpeople.com/hebergement-libertin/region/grand-est,2026-02-16
https://www.fgpeople.com/sites-de-rencontre-adultes/feed/,2026-02-15
https://www.fgpeople.com/sauna-club-provence-opera/,2026-02-15
https://www.fgpeople.com/*,2026-02-15
https://www.fgpeople.com/secret-paris-club-libertin/feed/,2026-02-15
https://www.fgpeople.com/overside-paris-nuits-libertines/,2026-02-14
https://www.fgpeople.com/neapolis-club-libertin-charente/feed/,2026-02-14
https://www.fgpeople.com/extasia-pinet-complexe-libertin/,2026-02-14
https://www.fgpeople.com/club-libertin-lyon/feed/,2026-02-14
https://www.fgpeople.com/moon-city-sensualite-paris/,2026-02-14
https://www.fgpeople.com/chrysalide-club-libertin-var/,2026-02-14
https://www.fgpeople.com/cent-douze-lille-club-libertin/,2026-02-14
https://www.fgpeople.com/ville/sta-llogaia-figueres,2026-02-14
https://www.fgpeople.com/strip-saint-ouen-club-libertin/,2026-02-14
https://www.fgpeople.com/category/plaisirs-solitaire/feed/,2026-02-14
https://www.fgpeople.com/sex-dolls-poupee-sexuelle/feed/,2026-02-14
https://www.fgpeople.com/club-libertin-paris/,2026-02-13
https://www.fgpeople.com/tag/rencontre/feed/,2026-02-12
https://www.fgpeople.com/feed/,2026-02-10
https://www.fgpeople.com/blog/page/2/,2026-02-06
https://www.fgpeople.com/le-karma-club-libertin-avis/feed/,2026-02-06
https://www.fgpeople.com/region/provence-alpes-cote-dazur,2026-02-06
https://www.fgpeople.com/ville/belgique,2026-02-06
https://www.fgpeople.com/ville/luxembourg,2026-02-06
https://www.fgpeople.com/hyppocampe-paris-club-libertin-a...,2026-02-05
https://www.fgpeople.com/yacht-club-76-auzebosc/,2026-02-05
https://www.fgpeople.com/clubs?search=%7Bsearch_term_string%7D,2026-02-04
https://www.fgpeople.com/ville/coma-ruga-tarragona,2026-02-04
https://www.fgpeople.com/category/uncategorized/,2026-02-04
https://www.fgpeople.com/ville/suisse,2026-02-04
https://www.fgpeople.com/wp-json/,2026-02-04
https://www.fgpeople.com/seduction-en-ligne/feed/,2026-02-04
https://www.fgpeople.com/vesper-cannes-bar-voutes/feed/,2026-02-04
https://www.fgpeople.com/wp-*.php,2026-02-04
https://www.fgpeople.com/roseraie-marseille-sauna/feed/,2026-02-03
https://www.fgpeople.com/blogger-gb-news/,2026-01-19
https://www.fgpeople.com/wp-content/themes/neve/*,2025-12-08
https://www.fgpeople.com/venusia-club-libertin/Non communiqué,2025-12-08
https://www.fgpeople.com/wp-content/uploads/*,2025-12-07